::1, , , 12/Sep/2020:14:35:05, +0530, GET, /convertLogtoCSV.c, HTTP/1.1, 200, 1150
::1, , , 12/Sep/2020:14:35:02, +0530, GET, /grep.c, HTTP/1.1, 200, 611
::1, , , 12/Sep/2020:14:34:58, +0530, GET, /minor_code.c, HTTP/1.1, 200, 2998
::1, , , 12/Sep/2020:14:34:58, +0530, GET, /convertLogtoCSV.c, HTTP/1.1, 200, 1150
::1, , , 12/Sep/2020:14:34:57, +0530, GET, /grep.c, HTTP/1.1, 200, 611
::1, , , 12/Sep/2020:14:34:55, +0530, GET, /minor_code.c, HTTP/1.1, 200, 2998
::1, , , 12/Sep/2020:14:34:54, +0530, GET, /minor.html, HTTP/1.1, 200, 156
::1, , , 12/Sep/2020:14:34:52, +0530, GET, /minor.html, HTTP/1.1, 200, 156
::1, , , 12/Sep/2020:14:34:50, +0530, GET, /minor.html, HTTP/1.1, 200, 156
192.168.0.104, , , 12/Sep/2020:14:34:39, +0530, , 408, , , 
::1, , , 12/Sep/2020:14:34:39, +0530, GET, /favicon.ico, HTTP/1.1, 404, 209
::1, , , 12/Sep/2020:14:34:38, +0530, GET, /favicon.ico, HTTP/1.1, 404, 209
::1, , , 12/Sep/2020:14:34:38, +0530, GET, /icons/apache_pb2.gif, HTTP/1.1, 200, 4234
::1, , , 12/Sep/2020:14:34:37, +0530, GET, /icons/apache_pb2.gif, HTTP/1.1, 200, 4234
::1, , , 12/Sep/2020:14:34:37, +0530, GET, /, HTTP/1.1, 403, 3985
::1, , , 12/Sep/2020:14:34:36, +0530, GET, /, HTTP/1.1, 403, 3985
::1, , , 12/Sep/2020:14:34:26, +0530, GET, /, HTTP/1.1, 403, 3985
192.168.0.104, , , 12/Sep/2020:14:33:49, +0530, GET, /convertLogtoCSV.c, HTTP/1.1, 200, 1150
192.168.0.104, , , 12/Sep/2020:14:33:48, +0530, GET, /minor.html, HTTP/1.1, 200, 156
192.168.0.104, , , 12/Sep/2020:14:33:10, +0530, GET, /convertLogToCSV.c, HTTP/1.1, 404, 215
192.168.0.104, , , 12/Sep/2020:14:33:07, +0530, GET, /favicon.ico, HTTP/1.1, 404, 209
192.168.0.104, , , 12/Sep/2020:14:33:07, +0530, GET, /minor.html, HTTP/1.1, 200, 148
192.168.0.102, , , 02/Sep/2020:11:00:16, +0530, GET, /cgibin/ft.py?c=systemctl+status+httpd, HTTP/1.1, 200, 118
192.168.0.102, , , 02/Sep/2020:10:59:58, +0530, GET, /cgibin/ft.py?c=date, HTTP/1.1, 200, 29
192.168.0.102, , , 02/Sep/2020:10:59:55, +0530, GET, /ft.html, HTTP/1.1, 200, 122
192.168.0.102, , , 02/Sep/2020:10:59:44, +0530, GET, /favicon.ico, HTTP/1.1, 404, 209
192.168.0.102, , , 02/Sep/2020:10:59:44, +0530, GET, /ft.hml, HTTP/1.1, 404, 204
192.168.10.9, , , 30/Aug/2020:22:40:15, +0530, GET, /cgibin/ft.py?c=cat+%3E+a.txt, HTTP/1.1, 200, 34
192.168.10.9, , , 30/Aug/2020:22:39:59, +0530, GET, /cgibin/ft.py?c=date, HTTP/1.1, 200, 29
192.168.10.11, , , 30/Aug/2020:22:36:49, +0530, GET, /cgibin/ft.py?c=date, HTTP/1.1, 200, 29
192.168.10.11, , , 30/Aug/2020:22:36:44, +0530, GET, /cgibin/ft?c=date, HTTP/1.1, 404, 208
192.168.10.9, , , 30/Aug/2020:22:36:22, +0530, GET, /cgibin/ft.py?c=date, HTTP/1.1, 200, 29
192.168.10.11, , , 30/Aug/2020:22:35:51, +0530, GET, /cgibin/ft.py?c=date, HTTP/1.1, 302, 205
192.168.10.11, , , 30/Aug/2020:22:35:42, +0530, GET, /cgibin/ft?c=date, HTTP/1.1, 404, 208
192.168.10.11, , , 30/Aug/2020:22:35:33, +0530, GET, /ft?c=date, HTTP/1.1, 404, 200
192.168.10.11, , , 30/Aug/2020:22:35:27, +0530, GET, /f?c=date, HTTP/1.1, 404, 199
192.168.10.9, , , 30/Aug/2020:22:34:39, +0530, , 408, , , 
192.168.10.9, , , 30/Aug/2020:22:33:49, +0530, GET, /cgibin/ft.py?c=date, HTTP/1.1, 302, 205
192.168.10.9, , , 30/Aug/2020:22:33:23, +0530, GET, /ft.html, HTTP/1.1, 304, 
192.168.10.9, , , 30/Aug/2020:22:31:58, +0530, GET, /cgibin/ft.py?c=date, HTTP/1.1, 302, 205
192.168.10.9, , , 30/Aug/2020:22:20:33, +0530, GET, /cgibin/ft.py?c=date, HTTP/1.1, 200, 29
192.168.10.9, , , 30/Aug/2020:22:20:29, +0530, GET, /ft.html, HTTP/1.1, 200, 122
192.168.10.9, , , 30/Aug/2020:22:19:55, +0530, GET, /192.168.10.11/cgibin/ft.py?c=date, HTTP/1.1, 404, 225
192.168.10.9, , , 30/Aug/2020:22:18:13, +0530, GET, /192.168.10.11/cgibin/ft.py?c=date, HTTP/1.1, 404, 225
192.168.10.9, , , 30/Aug/2020:22:18:11, +0530, GET, /192.168.10.11/cgibin/ft.py?c=date, HTTP/1.1, 404, 225
192.168.10.9, , , 30/Aug/2020:22:18:09, +0530, GET, /192.168.10.11/cgibin/ft.py?c=date, HTTP/1.1, 404, 225
192.168.10.9, , , 30/Aug/2020:22:17:45, +0530, GET, /192.168.10.11/cgibin/ft.py?c=date, HTTP/1.1, 404, 225
192.168.10.9, , , 30/Aug/2020:22:17:42, +0530, GET, /ft.html, HTTP/1.1, 200, 141
192.168.10.9, , , 30/Aug/2020:22:13:33, +0530, GET, /favicon.ico, HTTP/1.1, 404, 209
192.168.10.9, , , 30/Aug/2020:22:13:33, +0530, GET, /flask_training.html, HTTP/1.1, 200, 724
192.168.10.9, , , 29/Aug/2020:22:15:39, +0530, GET, /flask_training.html, HTTP/1.1, 200, 684
192.168.10.9, , , 29/Aug/2020:22:11:48, +0530, GET, /cgibin/fl.py?name=date&pass=&gen=on, HTTP/1.1, 200, 45
192.168.10.9, , , 29/Aug/2020:22:11:44, +0530, GET, /flask_training.html, HTTP/1.1, 200, 684
192.168.10.9, , , 29/Aug/2020:22:08:40, +0530, GET, /cgibin/fl.py?name=ifconfig&pass=, HTTP/1.1, 200, 824
192.168.10.9, , , 29/Aug/2020:22:08:34, +0530, GET, /flask_training.html, HTTP/1.1, 200, 663
192.168.10.9, , , 29/Aug/2020:22:06:57, +0530, GET, /cgibin/fl.py?name=date, HTTP/1.1, 200, 46
192.168.10.9, , , 29/Aug/2020:22:05:06, +0530, GET, /flask_training.html, HTTP/1.1, 304, 
192.168.10.9, , , 29/Aug/2020:22:05:02, +0530, GET, /cgibin/fl.py?name=ls, HTTP/1.1, 200, 57
192.168.10.9, , , 29/Aug/2020:22:04:18, +0530, GET, /cgibin/fl.py?name=cal, HTTP/1.1, 200, 168
192.168.10.9, , , 29/Aug/2020:22:04:14, +0530, GET, /flask_training.html, HTTP/1.1, 304, 
192.168.10.9, , , 29/Aug/2020:22:02:16, +0530, GET, /cgibin/fl.py?name=date, HTTP/1.1, 200, 29
192.168.10.9, , , 29/Aug/2020:22:02:14, +0530, GET, /flask_training.html, HTTP/1.1, 304, 
192.168.10.9, , , 29/Aug/2020:22:01:12, +0530, GET, /cgibin/fl.py?name=date, HTTP/1.1, 200, 
192.168.10.9, , , 29/Aug/2020:22:01:09, +0530, GET, /flask_training.html, HTTP/1.1, 200, 651
192.168.10.9, , , 29/Aug/2020:22:01:01, +0530, GET, /, HTTP/1.1, 403, 3985
192.168.10.9, , , 29/Aug/2020:22:00:58, +0530, GET, /cgibin/fl.py?x=fefg, HTTP/1.1, 200, 
192.168.10.9, , , 29/Aug/2020:21:58:51, +0530, GET, /cgibin/fl.py?x=fefg, HTTP/1.1, 404, 211
192.168.10.9, , , 29/Aug/2020:21:58:48, +0530, GET, /flask_training.html?name=dsfds, HTTP/1.1, 304, 
192.168.10.9, , , 29/Aug/2020:21:58:43, +0530, GET, /flask_training.html?name=dsfds, HTTP/1.1, 200, 648
192.168.10.9, , , 29/Aug/2020:21:56:23, +0530, GET, /flask_training.html?, HTTP/1.1, 200, 607
192.168.10.9, , , 29/Aug/2020:21:54:15, +0530, GET, /flask_training.html?, HTTP/1.1, 304, 
192.168.10.9, , , 29/Aug/2020:21:52:39, +0530, GET, /flask_training.html?, HTTP/1.1, 200, 595
192.168.10.9, , , 29/Aug/2020:21:52:37, +0530, GET, /flask_training.html, HTTP/1.1, 200, 595
192.168.10.9, , , 29/Aug/2020:21:50:21, +0530, GET, /flask_training.html, HTTP/1.1, 200, 580
192.168.10.9, , , 29/Aug/2020:21:47:10, +0530, GET, /flask_training.html, HTTP/1.1, 200, 354
192.168.10.9, , , 29/Aug/2020:21:44:58, +0530, , 408, , , 
192.168.10.9, , , 29/Aug/2020:21:44:07, +0530, GET, /flask_training.html, HTTP/1.1, 200, 192
192.168.10.9, , , 29/Aug/2020:21:43:13, +0530, GET, /flask_training.html, HTTP/1.1, 200, 162
192.168.10.9, , , 29/Aug/2020:21:39:39, +0530, GET, /flask_training.html, HTTP/1.1, 200, 32
192.168.10.9, , , 29/Aug/2020:21:38:48, +0530, GET, /flask_training.html, HTTP/1.1, 200, 25
192.168.10.9, , , 29/Aug/2020:21:37:44, +0530, GET, /flask_training.html, HTTP/1.1, 200, 24
192.168.10.9, , , 29/Aug/2020:21:36:40, +0530, GET, /favicon.ico, HTTP/1.1, 404, 209
192.168.10.9, , , 29/Aug/2020:21:36:40, +0530, GET, /icons/apache_pb2.gif, HTTP/1.1, 200, 4234
192.168.10.9, , , 29/Aug/2020:21:36:39, +0530, GET, /, HTTP/1.1, 403, 3985
192.168.10.6, , , 25/Aug/2020:19:37:39, +0530, GET, /cgibin/getDocker.py?q=images%20%7C%20grep%20centos, HTTP/1.1, 200, 87
192.168.10.6, , , 25/Aug/2020:19:37:09, +0530, GET, /cgibin/getDocker.py?q=version, HTTP/1.1, 200, 43
192.168.10.6, , , 25/Aug/2020:19:37:07, +0530, GET, /cgibin/getDocker.py?q=ps%20a, HTTP/1.1, 200, 279
192.168.10.6, , , 25/Aug/2020:19:37:05, +0530, GET, /cgibin/getDocker.py?q=ps, HTTP/1.1, 200, 127
192.168.10.6, , , 25/Aug/2020:19:37:01, +0530, GET, /cgibin/getDocker.py?q=images, HTTP/1.1, 200, 345
192.168.10.6, , , 25/Aug/2020:19:36:55, +0530, GET, /cgibin/getCommand.py?q=mkdir%20/root/hello, HTTP/1.1, 200, 69
192.168.10.6, , , 25/Aug/2020:19:36:44, +0530, GET, /cgibin/getCommand.py?q=ps, HTTP/1.1, 200, 244
192.168.10.6, , , 25/Aug/2020:19:36:41, +0530, GET, /cgibin/getCommand.py?q=cal, HTTP/1.1, 200, 169
192.168.10.6, , , 25/Aug/2020:19:36:39, +0530, GET, /cgibin/getCommand.py?q=date, HTTP/1.1, 200, 30
192.168.10.6, , , 23/Aug/2020:17:02:11, +0530, GET, /cgibin/getDocker.py?q=images, HTTP/1.1, 200, 345
192.168.10.6, , , 23/Aug/2020:17:02:00, +0530, GET, /cgibin/getDocker.py?q=version, HTTP/1.1, 200, 43
192.168.10.6, , , 23/Aug/2020:17:01:57, +0530, GET, /cgibin/getDocker.py?q=ps%20a, HTTP/1.1, 200, 279
192.168.10.6, , , 23/Aug/2020:17:01:48, +0530, GET, /cgibin/getDocker.py?q=ps%20aq, HTTP/1.1, 200, 14
192.168.10.6, , , 23/Aug/2020:17:01:46, +0530, GET, /cgibin/getDocker.py?q=ps, HTTP/1.1, 200, 127
192.168.10.6, , , 23/Aug/2020:17:01:22, +0530, GET, /cgibin/getDocker.py?q=images, HTTP/1.1, 200, 345
192.168.10.7, , , 23/Aug/2020:16:57:52, +0530, GET, /cgibin/getDocker.py?q=images, HTTP/1.1, 200, 345
192.168.10.7, , , 23/Aug/2020:16:56:34, +0530, GET, /cgibin/getDocker.py?q=images, HTTP/1.1, 200, 1
192.168.10.7, , , 23/Aug/2020:16:56:22, +0530, GET, /cgibin/getDocker.py?q=ps, HTTP/1.1, 200, 1
192.168.10.6, , , 23/Aug/2020:16:52:18, +0530, GET, /cgibin/getCommand.py?q=cal, HTTP/1.1, 200, 169
192.168.10.6, , , 23/Aug/2020:16:51:23, +0530, GET, /cgibin/getCommand.py?q=ls%20lat, HTTP/1.1, 200, 299
192.168.10.6, , , 23/Aug/2020:16:51:05, +0530, GET, /cgibin/getCommand.py?q=cat%20getCommand.py, HTTP/1.1, 200, 200
192.168.10.6, , , 23/Aug/2020:16:50:48, +0530, GET, /cgibin/getCommand.py?q=ls, HTTP/1.1, 200, 39
192.168.10.6, , , 23/Aug/2020:16:50:43, +0530, GET, /cgibin/getCommand.py?q=ps, HTTP/1.1, 200, 244
192.168.10.6, , , 23/Aug/2020:16:50:41, +0530, GET, /cgibin/getCommand.py?q=cal, HTTP/1.1, 200, 169
192.168.10.6, , , 23/Aug/2020:16:50:30, +0530, GET, /cgibin/getCommand.py?q=date, HTTP/1.1, 200, 30
192.168.10.7, , , 23/Aug/2020:16:49:29, +0530, GET, /cgibin/getCommand.py?q=date, HTTP/1.1, 200, 30
192.168.10.7, , , 23/Aug/2020:16:48:57, +0530, GET, /cgibin/getCommand.py?q=, HTTP/1.1, 200, 1
192.168.10.6, , , 23/Aug/2020:16:47:16, +0530, GET, /cgibin/getCommand.py?q=date, HTTP/1.1, 200, 30
192.168.10.6, , , 23/Aug/2020:16:47:16, +0530, GET, /cgibin/getCommand.py?q=date, HTTP/1.1, 200, 30
192.168.10.6, , , 23/Aug/2020:16:47:16, +0530, GET, /cgibin/getCommand.py?q=date, HTTP/1.1, 200, 30
192.168.10.6, , , 23/Aug/2020:16:47:16, +0530, GET, /cgibin/getCommand.py?q=cal, HTTP/1.1, 200, 169
192.168.10.6, , , 23/Aug/2020:16:47:16, +0530, GET, /cgibin/getCommand.py?q=cal, HTTP/1.1, 200, 169
192.168.10.6, , , 23/Aug/2020:16:47:15, +0530, GET, /cgibin/getCommand.py?q=ps, HTTP/1.1, 200, 244
192.168.10.6, , , 23/Aug/2020:16:47:15, +0530, GET, /cgibin/getCommand.py?q=ps, HTTP/1.1, 200, 320
192.168.10.6, , , 23/Aug/2020:16:47:15, +0530, GET, /cgibin/getCommand.py?q=ps, HTTP/1.1, 200, 320
192.168.10.6, , , 23/Aug/2020:16:47:15, +0530, GET, /cgibin/getCommand.py?q=ps, HTTP/1.1, 200, 244
192.168.10.6, , , 23/Aug/2020:16:47:15, +0530, GET, /cgibin/getCommand.py?q=ps, HTTP/1.1, 200, 244
192.168.10.6, , , 23/Aug/2020:16:47:14, +0530, GET, /cgibin/getCommand.py?q=ps, HTTP/1.1, 200, 244
192.168.10.6, , , 23/Aug/2020:16:47:13, +0530, GET, /cgibin/getCommand.py?q=cal, HTTP/1.1, 200, 169
192.168.10.6, , , 23/Aug/2020:16:47:10, +0530, GET, /cgibin/getCommand.py?q=date, HTTP/1.1, 200, 30
192.168.10.6, , , 23/Aug/2020:16:46:34, +0530, GET, /cgibin/getCommand.py?q=date, HTTP/1.1, 200, 30
192.168.10.6, , , 23/Aug/2020:16:46:16, +0530, GET, /cgibin/getCommand.py?q=cal, HTTP/1.1, 200, 169
192.168.10.6, , , 23/Aug/2020:16:46:15, +0530, GET, /cgibin/getCommand.py?q=cal, HTTP/1.1, 200, 169
192.168.10.6, , , 23/Aug/2020:16:46:15, +0530, GET, /cgibin/getCommand.py?q=cal, HTTP/1.1, 200, 169
192.168.10.6, , , 23/Aug/2020:16:46:14, +0530, GET, /cgibin/getCommand.py?q=cal, HTTP/1.1, 200, 169
192.168.10.6, , , 23/Aug/2020:16:46:02, +0530, GET, /cgibin/getCommand.py?q=date, HTTP/1.1, 200, 30
192.168.10.6, , , 23/Aug/2020:16:45:57, +0530, GET, /cgibin/getCommand.py?q=he, HTTP/1.1, 200, 32
192.168.10.6, , , 23/Aug/2020:16:45:41, +0530, GET, /cgibin/getCommand.py?q=date, HTTP/1.1, 200, 30
192.168.10.6, , , 23/Aug/2020:16:45:05, +0530, GET, /cgibin/getCommand.py?q=date, HTTP/1.1, 200, 30
192.168.10.6, , , 23/Aug/2020:16:44:03, +0530, GET, /cgibin/getCommand.py?q=cal, HTTP/1.1, 200, 169
192.168.10.6, , , 21/Aug/2020:14:20:55, +0530, GET, /cgibin/getCommand.py?q=ls, HTTP/1.1, 200, 39
192.168.10.6, , , 21/Aug/2020:14:20:49, +0530, GET, /cgibin/getCommand.py?q=ps, HTTP/1.1, 200, 244
192.168.10.6, , , 21/Aug/2020:14:20:47, +0530, GET, /cgibin/getCommand.py?q=cal, HTTP/1.1, 200, 169
192.168.10.6, , , 21/Aug/2020:14:20:46, +0530, GET, /cgibin/getCommand.py?q=date, HTTP/1.1, 200, 30
192.168.10.6, , , 21/Aug/2020:14:19:58, +0530, GET, /cgibin/getCommand.py?q=ps, HTTP/1.1, 200, 244
192.168.10.6, , , 21/Aug/2020:14:19:58, +0530, GET, /cgibin/getCommand.py?q=cal, HTTP/1.1, 200, 169
192.168.10.6, , , 21/Aug/2020:14:19:56, +0530, GET, /cgibin/getCommand.py?q=date, HTTP/1.1, 200, 30
192.168.10.6, , , 21/Aug/2020:14:19:38, +0530, GET, /cgibin/getCommand.py?q=cat%20test.py, HTTP/1.1, 200, 192
192.168.10.6, , , 21/Aug/2020:14:19:28, +0530, GET, /cgibin/getCommand.py?q=ls, HTTP/1.1, 200, 39
192.168.10.6, , , 21/Aug/2020:14:18:40, +0530, GET, /cgibin/getCommand.py?q=date, HTTP/1.1, 200, 30
192.168.10.6, , , 21/Aug/2020:14:18:39, +0530, GET, /cgibin/getCommand.py?q=ps, HTTP/1.1, 200, 244
192.168.10.6, , , 21/Aug/2020:14:18:38, +0530, GET, /cgibin/getCommand.py?q=cal, HTTP/1.1, 200, 169
192.168.10.6, , , 21/Aug/2020:14:17:31, +0530, GET, /cgibin/getCommand.py?q=date, HTTP/1.1, 200, 30
192.168.10.6, , , 21/Aug/2020:14:17:28, +0530, GET, /cgibin/getCommand.py?q=ps, HTTP/1.1, 200, 244
192.168.10.6, , , 21/Aug/2020:14:17:26, +0530, GET, /cgibin/getCommand.py?q=docker%20ps, HTTP/1.1, 200, 227
192.168.10.6, , , 21/Aug/2020:14:17:22, +0530, GET, /cgibin/getCommand.py?q=cal, HTTP/1.1, 200, 169
192.168.10.6, , , 21/Aug/2020:14:17:17, +0530, GET, /cgibin/getCommand.py?q=docker%20ps, HTTP/1.1, 200, 227
192.168.10.6, , , 21/Aug/2020:14:16:49, +0530, GET, /cgibin/getCommand.py?q=docker%20ps, HTTP/1.1, 200, 227
192.168.10.6, , , 21/Aug/2020:14:16:30, +0530, GET, /cgibin/getCommand.py?q=ls%20/root, HTTP/1.1, 200, 54
192.168.10.6, , , 21/Aug/2020:14:16:22, +0530, GET, /cgibin/getCommand.py?q=ls, HTTP/1.1, 200, 39
192.168.10.6, , , 21/Aug/2020:14:16:05, +0530, GET, /cgibin/getCommand.py?q=ps%20aux, HTTP/1.1, 200, 260
192.168.10.6, , , 21/Aug/2020:14:15:53, +0530, GET, /cgibin/getCommand.py?q=ps, HTTP/1.1, 200, 94
192.168.10.6, , , 21/Aug/2020:14:15:49, +0530, GET, /cgibin/getCommand.py?q=cal, HTTP/1.1, 200, 169
192.168.10.6, , , 21/Aug/2020:14:15:43, +0530, GET, /cgibin/getCommand.py?q=date, HTTP/1.1, 200, 30
192.168.10.7, , , 21/Aug/2020:13:45:39, +0530, GET, /cgibin/getCommand.py?q=date, HTTP/1.1, 200, 30
192.168.10.7, , , 21/Aug/2020:13:39:23, +0530, GET, /cgibin/getCommand.py?q=date, HTTP/1.1, 200, 30
192.168.10.7, , , 21/Aug/2020:13:38:21, +0530, GET, /cgibin/getCommand.py?q=hello, HTTP/1.1, 200, 35
192.168.10.7, , , 21/Aug/2020:13:37:07, +0530, GET, /cgibin/getCommand.py?q=hello, HTTP/1.1, 200, 35
192.168.10.7, , , 21/Aug/2020:13:37:05, +0530, GET, /cgibin/getCommand.py?q=hello, HTTP/1.1, 200, 35
192.168.10.12, , , 13/Aug/2020:13:42:32, +0530, GET, /cgibin/state.py?cmd=init%200, HTTP/1.1, 200, 262
192.168.10.12, , , 13/Aug/2020:13:42:21, +0530, GET, /cgibin/state.py?cmd=ps, HTTP/1.1, 200, 267
192.168.10.12, , , 13/Aug/2020:13:42:15, +0530, GET, /cgibin/state.py?cmd=pwd, HTTP/1.1, 200, 47
192.168.10.12, , , 13/Aug/2020:13:42:00, +0530, GET, /cgibin/state.py?cmd=docker%20ps, HTTP/1.1, 200, 262
192.168.10.12, , , 13/Aug/2020:13:41:49, +0530, GET, /cgibin/state.py?cmd=cat%20state.py, HTTP/1.1, 200, 289
192.168.10.12, , , 13/Aug/2020:13:41:39, +0530, GET, /cgibin/state.py?cmd=ls, HTTP/1.1, 200, 53
192.168.10.12, , , 13/Aug/2020:13:41:34, +0530, GET, /cgibin/state.py?cmd=date, HTTP/1.1, 200, 60
192.168.10.12, , , 13/Aug/2020:13:41:26, +0530, GET, /cgibin/state.py?cmd=cal, HTTP/1.1, 200, 198
192.168.10.12, , , 13/Aug/2020:13:39:48, +0530, GET, /cgibin/state.py?cmd=ls%20la%20/root, HTTP/1.1, 200, 92
192.168.10.12, , , 13/Aug/2020:13:39:15, +0530, GET, /cgibin/state.py?cmd=cat%20state.py, HTTP/1.1, 200, 289
192.168.10.12, , , 13/Aug/2020:13:39:05, +0530, GET, /cgibin/state.py?cmd=ls, HTTP/1.1, 200, 53
192.168.10.12, , , 13/Aug/2020:13:38:54, +0530, GET, /cgibin/state.py?cmd=cal, HTTP/1.1, 200, 198
192.168.10.12, , , 13/Aug/2020:13:38:46, +0530, GET, /cgibin/state.py?cmd=date, HTTP/1.1, 200, 60
192.168.10.12, , , 13/Aug/2020:13:37:59, +0530, GET, /cgibin/state.py?cmd=, HTTP/1.1, 200, 
192.168.10.12, , , 13/Aug/2020:13:37:50, +0530, GET, /cgibin/state.py?cmd=date, HTTP/1.1, 200, 60
192.168.10.6, , , 13/Aug/2020:00:02:57, +0530, GET, /cgibin/state.py?cmd=date, HTTP/1.1, 200, 60
192.168.10.6, , , 13/Aug/2020:00:02:51, +0530, GET, /cgibin/state.py?cmd=data, HTTP/1.1, 200, 64
192.168.10.6, , , 12/Aug/2020:19:11:35, +0530, GET, /cgibin/web.py?i=ls, HTTP/1.1, 200, 19
192.168.10.6, , , 12/Aug/2020:19:11:27, +0530, GET, /cgibin/web.py?i=cal, HTTP/1.1, 200, 173
192.168.10.6, , , 12/Aug/2020:19:08:41, +0530, GET, /cgibin/web.py?i=date, HTTP/1.1, 200, 35
192.168.10.6, , , 12/Aug/2020:19:08:14, +0530, GET, /cgibin/web.py?i=date, HTTP/1.1, 200, 107
192.168.10.6, , , 12/Aug/2020:19:07:21, +0530, GET, /cgibin/web.py?cmd=centos, HTTP/1.1, 200, 135
192.168.10.6, , , 12/Aug/2020:19:07:14, +0530, GET, /cgibin/web.py?cmd=%22centos%22, HTTP/1.1, 200, 135
192.168.10.6, , , 12/Aug/2020:19:06:28, +0530, GET, /cgibin/test.py?cmd=date, HTTP/1.1, 500, 527
192.168.10.6, , , 12/Aug/2020:19:06:12, +0530, GET, /favicon.ico, HTTP/1.1, 404, 209
192.168.10.6, , , 12/Aug/2020:19:06:09, +0530, GET, /cgibin/test.py?cmd=date, HTTP/1.1, 500, 527
192.168.10.3, , , 07/Aug/2020:15:34:03, +0530, GET, /cgibin/web.py?i=ubuntu&o=myos, HTTP/1.1, 200, 101
192.168.10.3, , , 07/Aug/2020:15:32:43, +0530, GET, /cgibin/web.py?i=ls&o=, HTTP/1.1, 200, 218
192.168.10.3, , , 07/Aug/2020:15:31:25, +0530, GET, /cgibin/web.py?i=ubuntu&o=myos1, HTTP/1.1, 200, 830
192.168.10.6, , , 07/Aug/2020:15:29:55, +0530, GET, /cgibin/web.py?i=centos&o=os1, HTTP/1.1, 200, 100
192.168.10.6, , , 07/Aug/2020:15:28:31, +0530, GET, /home.html, HTTP/1.1, 200, 21
192.168.10.6, , , 07/Aug/2020:15:16:36, +0530, GET, /cgibin/web.py?i=centos, HTTP/1.1, 200, 66
192.168.10.6, , , 07/Aug/2020:15:10:45, +0530, GET, /cgibin/web.py?i=centos, HTTP/1.1, 200, 235
192.168.10.6, , , 07/Aug/2020:15:09:22, +0530, GET, /cgibin/web.py?i=centos, HTTP/1.1, 200, 235
192.168.10.6, , , 07/Aug/2020:03:09:42, +0530, GET, /cgibin/web.py?i=centos&o=myos, HTTP/1.1, 200, 186
192.168.10.6, , , 07/Aug/2020:03:03:44, +0530, GET, /cgibin/web.py?i=centos&o=myos, HTTP/1.1, 200, 
192.168.10.6, , , 07/Aug/2020:03:03:15, +0530, GET, /cgibin/web.py?i=centos&o=myos, HTTP/1.1, 200, 
192.168.10.6, , , 07/Aug/2020:00:38:11, +0530, , 408, , , 
192.168.10.6, , , 07/Aug/2020:00:38:09, +0530, GET, /cgibin/web.py?i=centos&o=myos, HTTP/1.1, 200, 
192.168.10.6, , , 07/Aug/2020:00:37:16, +0530, GET, /cgibin/web.py?i=centos&o=myos, HTTP/1.1, 200, 
192.168.10.6, , , 07/Aug/2020:00:36:35, +0530, GET, /cgibin/web.py?i=centos:7&o=myos, HTTP/1.1, 200, 
192.168.10.6, , , 06/Aug/2020:23:51:08, +0530, , 408, , , 
192.168.10.6, , , 06/Aug/2020:23:50:17, +0530, GET, /cgibin/web.py?x=cal, HTTP/1.1, 200, 2573
192.168.10.6, , , 06/Aug/2020:23:45:17, +0530, GET, /cgibin/web.py?x=cal, HTTP/1.1, 200, 
192.168.10.6, , , 06/Aug/2020:23:45:13, +0530, GET, /cgibin/web.py?x=cal, HTTP/1.1, 200, 
192.168.10.6, , , 06/Aug/2020:23:43:05, +0530, GET, /cgibin/web.py?x=cal, HTTP/1.1, 200, 
192.168.10.6, , , 06/Aug/2020:23:42:09, +0530, GET, /cgibin/web.py?x=gaurav, HTTP/1.1, 200, 
192.168.10.6, , , 06/Aug/2020:23:42:04, +0530, GET, /cgibin/web.py?x=Gaurav, HTTP/1.1, 200, 
192.168.10.6, , , 06/Aug/2020:23:40:21, +0530, GET, /favicon.ico, HTTP/1.1, 404, 209
192.168.10.6, , , 06/Aug/2020:23:40:20, +0530, GET, /cgibin/web.py?x=Gaurav, HTTP/1.1, 200, 
192.168.10.6, , , 06/Aug/2020:23:39:58, +0530, GET, /cgibin/web.py?x=Gaurav, HTTP/1.1, 200, 
192.168.10.6, , , 06/Aug/2020:23:38:42, +0530, GET, /cgibin/web.py?test=Gaurav, HTTP/1.1, 200, 
192.168.10.6, , , 06/Aug/2020:23:38:12, +0530, GET, /cgibin/web.py?test=Gaurav, HTTP/1.1, 500, 527
192.168.10.6, , , 06/Aug/2020:00:25:27, +0530, GET, /cgibin/date.py, HTTP/1.1, 200, 29
192.168.10.6, , , 06/Aug/2020:00:21:27, +0530, GET, /cgibin/cal.py, HTTP/1.1, 200, 168
192.168.10.6, , , 06/Aug/2020:00:21:15, +0530, GET, /cgibin/date.py, HTTP/1.1, 200, 29
192.168.10.6, , , 06/Aug/2020:00:21:03, +0530, GET, /cgibin/ls.py, HTTP/1.1, 200, 21
192.168.10.6, , , 06/Aug/2020:00:10:15, +0530, GET, /cgibin/ls.py, HTTP/1.1, 200, 21
192.168.10.6, , , 06/Aug/2020:00:08:54, +0530, GET, /favicon.ico, HTTP/1.1, 404, 209
192.168.10.6, , , 06/Aug/2020:00:08:54, +0530, GET, /cgibin/cal.py, HTTP/1.1, 200, 168
192.168.10.6, , , 31/Jul/2020:13:34:32, +0530, GET, /home.html, HTTP/1.1, 304, 
192.168.10.6, , , 31/Jul/2020:13:33:49, +0530, GET, /home.html, HTTP/1.1, 200, 21
192.168.10.6, , , 31/Jul/2020:13:32:39, +0530, GET, /home.html, HTTP/1.1, 200, 14
192.168.10.6, , , 31/Jul/2020:13:32:31, +0530, GET, /favicon.ico, HTTP/1.1, 404, 209
192.168.10.6, , , 31/Jul/2020:13:32:31, +0530, GET, /icons/apache_pb2.gif, HTTP/1.1, 200, 4234
192.168.10.6, , , 31/Jul/2020:13:32:31, +0530, GET, /, HTTP/1.1, 403, 3985
192.168.10.6, , , 31/Jul/2020:12:09:18, +0530, GET, /home.html, HTTP/1.1, 200, 22
192.168.10.6, , , 31/Jul/2020:12:09:12, +0530, GET, /favicon.ico, HTTP/1.1, 404, 209
192.168.10.6, , , 31/Jul/2020:12:09:12, +0530, GET, /icons/apache_pb2.gif, HTTP/1.1, 200, 4234
192.168.10.6, , , 31/Jul/2020:12:09:11, +0530, GET, /, HTTP/1.1, 403, 3985
192.168.10.6, , , 29/Jul/2020:21:09:58, +0530, GET, /favicon.ico, HTTP/1.1, 404, 209
192.168.10.6, , , 29/Jul/2020:21:09:57, +0530, GET, /cgibin/test.py, HTTP/1.1, 500, 527
192.168.10.6, , , 13/Jul/2020:22:13:01, +0530, GET, /favicon.ico, HTTP/1.1, 404, 209
192.168.10.6, , , 13/Jul/2020:22:13:01, +0530, GET, /wpadmin/images/wordpresslogo.svg?ver=20131107, HTTP/1.1, 200, 1521
192.168.10.6, , , 13/Jul/2020:22:13:01, +0530, GET, /wpadmin/js/languagechooser.min.js?ver=5.4.2, HTTP/1.1, 200, 409
192.168.10.6, , , 13/Jul/2020:22:13:01, +0530, GET, /wpadmin/css/install.min.css?ver=5.4.2, HTTP/1.1, 200, 5126
192.168.10.6, , , 13/Jul/2020:22:13:01, +0530, GET, /wpadmin/css/l10n.min.css?ver=5.4.2, HTTP/1.1, 200, 2477
192.168.10.6, , , 13/Jul/2020:22:13:01, +0530, GET, /wpincludes/js/jquery/jquery.js?ver=1.12.4wp, HTTP/1.1, 200, 96873
192.168.10.6, , , 13/Jul/2020:22:13:01, +0530, GET, /wpincludes/js/jquery/jquerymigrate.min.js?ver=1.4.1, HTTP/1.1, 200, 10056
192.168.10.6, , , 13/Jul/2020:22:13:01, +0530, GET, /wpadmin/css/forms.min.css?ver=5.4.2, HTTP/1.1, 200, 24453
192.168.10.6, , , 13/Jul/2020:22:13:01, +0530, GET, /wpincludes/css/dashicons.min.css?ver=5.4.2, HTTP/1.1, 200, 47558
192.168.10.6, , , 13/Jul/2020:22:13:01, +0530, GET, /wpincludes/css/buttons.min.css?ver=5.4.2, HTTP/1.1, 200, 5867
192.168.10.6, , , 13/Jul/2020:22:12:57, +0530, GET, /wpadmin/setupconfig.php, HTTP/1.1, 200, 2731
192.168.10.6, , , 13/Jul/2020:22:12:56, +0530, GET, /, HTTP/1.1, 302, 
192.168.10.6, , , 13/Jul/2020:14:05:50, +0530, , 408, , , 
192.168.10.6, , , 13/Jul/2020:14:04:59, +0530, POST, /wpadmin/setupconfig.php?step=2, HTTP/1.1, 500, 3541
192.168.10.6, , , 13/Jul/2020:14:02:29, +0530, POST, /wpadmin/setupconfig.php?step=2, HTTP/1.1, 500, 3536
192.168.10.6, , , 13/Jul/2020:14:00:55, +0530, POST, /wpadmin/setupconfig.php?step=2, HTTP/1.1, 500, 3536
192.168.10.6, , , 13/Jul/2020:13:58:11, +0530, POST, /wpadmin/setupconfig.php?step=2, HTTP/1.1, 500, 3536
192.168.10.6, , , 13/Jul/2020:13:57:43, +0530, GET, /wpadmin/images/wordpresslogo.svg?ver=20131107, HTTP/1.1, 304, 
192.168.10.6, , , 13/Jul/2020:13:57:43, +0530, GET, /wpincludes/js/jquery/jquerymigrate.min.js?ver=1.4.1, HTTP/1.1, 304, 
192.168.10.6, , , 13/Jul/2020:13:57:43, +0530, GET, /wpadmin/css/install.min.css?ver=5.4.2, HTTP/1.1, 304, 
192.168.10.6, , , 13/Jul/2020:13:57:43, +0530, GET, /wpadmin/js/languagechooser.min.js?ver=5.4.2, HTTP/1.1, 304, 
192.168.10.6, , , 13/Jul/2020:13:57:43, +0530, GET, /wpadmin/css/l10n.min.css?ver=5.4.2, HTTP/1.1, 304, 
192.168.10.6, , , 13/Jul/2020:13:57:43, +0530, GET, /wpincludes/js/jquery/jquery.js?ver=1.12.4wp, HTTP/1.1, 304, 
192.168.10.6, , , 13/Jul/2020:13:57:43, +0530, GET, /wpadmin/css/forms.min.css?ver=5.4.2, HTTP/1.1, 304, 
192.168.10.6, , , 13/Jul/2020:13:57:43, +0530, GET, /wpincludes/css/buttons.min.css?ver=5.4.2, HTTP/1.1, 304, 
192.168.10.6, , , 13/Jul/2020:13:57:43, +0530, GET, /wpincludes/css/dashicons.min.css?ver=5.4.2, HTTP/1.1, 304, 
192.168.10.6, , , 13/Jul/2020:13:57:43, +0530, GET, /wpadmin/setupconfig.php?step=1, HTTP/1.1, 200, 3366
192.168.10.6, , , 13/Jul/2020:13:34:42, +0530, GET, /wpincludes/js/jquery/jquery.js?ver=1.12.4wp, HTTP/1.1, 200, 96873
192.168.10.6, , , 13/Jul/2020:13:34:42, +0530, GET, /wpincludes/js/jquery/jquerymigrate.min.js?ver=1.4.1, HTTP/1.1, 200, 10056
192.168.10.6, , , 13/Jul/2020:13:34:42, +0530, GET, /wpadmin/images/wordpresslogo.svg?ver=20131107, HTTP/1.1, 200, 1521
192.168.10.6, , , 13/Jul/2020:13:34:42, +0530, GET, /wpadmin/js/languagechooser.min.js?ver=5.4.2, HTTP/1.1, 200, 409
192.168.10.6, , , 13/Jul/2020:13:34:42, +0530, GET, /wpadmin/css/install.min.css?ver=5.4.2, HTTP/1.1, 200, 5126
192.168.10.6, , , 13/Jul/2020:13:34:42, +0530, GET, /wpadmin/css/l10n.min.css?ver=5.4.2, HTTP/1.1, 200, 2477
192.168.10.6, , , 13/Jul/2020:13:34:42, +0530, GET, /wpincludes/css/buttons.min.css?ver=5.4.2, HTTP/1.1, 200, 5867
192.168.10.6, , , 13/Jul/2020:13:34:42, +0530, GET, /wpadmin/css/forms.min.css?ver=5.4.2, HTTP/1.1, 200, 24453
192.168.10.6, , , 13/Jul/2020:13:34:42, +0530, GET, /wpincludes/css/dashicons.min.css?ver=5.4.2, HTTP/1.1, 200, 47558
192.168.10.6, , , 13/Jul/2020:13:34:41, +0530, GET, /wpadmin/setupconfig.php, HTTP/1.1, 200, 2731
192.168.10.6, , , 13/Jul/2020:13:34:41, +0530, GET, /, HTTP/1.1, 302, 
192.168.10.6, , , 13/Jul/2020:13:33:14, +0530, GET, /wordpress/wpadmin/setupconfig.php?step=1, HTTP/1.1, 200, 3446
192.168.10.6, , , 13/Jul/2020:13:33:05, +0530, GET, /wordpress/wpincludes/js/jquery/jquerymigrate.min.js?ver=1.4.1, HTTP/1.1, 200, 10056
192.168.10.6, , , 13/Jul/2020:13:33:05, +0530, GET, /wordpress/wpincludes/js/jquery/jquery.js?ver=1.12.4wp, HTTP/1.1, 200, 96873
192.168.10.6, , , 13/Jul/2020:13:33:05, +0530, GET, /wordpress/wpadmin/images/wordpresslogo.svg?ver=20131107, HTTP/1.1, 200, 1521
192.168.10.6, , , 13/Jul/2020:13:33:05, +0530, GET, /wordpress/wpadmin/js/languagechooser.min.js?ver=5.4.2, HTTP/1.1, 200, 409
192.168.10.6, , , 13/Jul/2020:13:33:05, +0530, GET, /wordpress/wpadmin/css/l10n.min.css?ver=5.4.2, HTTP/1.1, 200, 2477
192.168.10.6, , , 13/Jul/2020:13:33:05, +0530, GET, /wordpress/wpadmin/css/forms.min.css?ver=5.4.2, HTTP/1.1, 200, 24453
192.168.10.6, , , 13/Jul/2020:13:33:05, +0530, GET, /wordpress/wpincludes/css/buttons.min.css?ver=5.4.2, HTTP/1.1, 200, 5867
192.168.10.6, , , 13/Jul/2020:13:33:05, +0530, GET, /wordpress/wpadmin/css/install.min.css?ver=5.4.2, HTTP/1.1, 200, 5126
192.168.10.6, , , 13/Jul/2020:13:33:05, +0530, GET, /wordpress/wpincludes/css/dashicons.min.css?ver=5.4.2, HTTP/1.1, 200, 47558
192.168.10.6, , , 13/Jul/2020:13:33:04, +0530, GET, /wordpress/wpadmin/setupconfig.php, HTTP/1.1, 200, 2811
192.168.10.6, , , 13/Jul/2020:13:33:04, +0530, GET, /wordpress/, HTTP/1.1, 302, 
192.168.10.6, , , 13/Jul/2020:13:33:04, +0530, GET, /wordpress, HTTP/1.1, 301, 239
192.168.10.6, , , 13/Jul/2020:13:32:38, +0530, GET, /favicon.ico, HTTP/1.1, 404, 209
192.168.10.6, , , 13/Jul/2020:13:32:38, +0530, GET, /icons/apache_pb2.gif, HTTP/1.1, 200, 4234
192.168.10.6, , , 13/Jul/2020:13:32:37, +0530, GET, /, HTTP/1.1, 403, 3985
192.168.10.12, , , 11/Jul/2020:21:49:55, +0530, GET, /mail.py, HTTP/1.1, 200, 251
192.168.10.12, , , 11/Jul/2020:21:49:37, +0530, GET, /Dockerfile, HTTP/1.1, 200, 432
192.168.10.12, , , 11/Jul/2020:21:49:33, +0530, GET, /favicon.ico, HTTP/1.1, 404, 209
192.168.10.12, , , 11/Jul/2020:21:49:33, +0530, GET, /favicon.ico, HTTP/1.1, 404, 209
192.168.10.12, , , 11/Jul/2020:21:49:30, +0530, GET, /, HTTP/1.1, 200, 78
192.168.10.6, , , 11/Jul/2020:13:30:13, +0530, GET, /README.md, HTTP/1.1, 200, 1465
192.168.10.6, , , 11/Jul/2020:13:30:11, +0530, GET, /favicon.ico, HTTP/1.1, 404, 209
192.168.10.6, , , 11/Jul/2020:13:30:11, +0530, GET, /, HTTP/1.1, 200, 45
192.168.10.6, , , 10/Jul/2020:11:23:36, +0530, GET, /test.html, HTTP/1.1, 200, 55
192.168.10.6, , , 10/Jul/2020:11:23:33, +0530, GET, /test.html;, HTTP/1.1, 404, 208
192.168.10.6, , , 10/Jul/2020:11:22:52, +0530, GET, /test.php, HTTP/1.1, 200, 27
192.168.10.6, , , 10/Jul/2020:11:21:50, +0530, GET, /favicon.ico, HTTP/1.1, 404, 209
192.168.10.6, , , 10/Jul/2020:11:21:50, +0530, GET, /test.php, HTTP/1.1, 200, 
192.168.10.6, , , 04/Jul/2020:14:40:20, +0530, GET, /second.html, HTTP/1.1, 200, 52
192.168.10.6, , , 04/Jul/2020:14:40:01, +0530, GET, /root/image.jpg, HTTP/1.1, 404, 212
192.168.10.6, , , 04/Jul/2020:14:40:00, +0530, GET, /second.html, HTTP/1.1, 200, 45
192.168.10.6, , , 04/Jul/2020:14:34:48, +0530, GET, /root/aws/, HTTP/1.1, 404, 207
192.168.10.6, , , 04/Jul/2020:14:34:25, +0530, GET, /root/aws/README.md, HTTP/1.1, 404, 216
192.168.10.6, , , 04/Jul/2020:14:34:24, +0530, GET, /, HTTP/1.1, 200, 55
192.168.10.6, , , 04/Jul/2020:14:33:12, +0530, GET, /favicon.ico, HTTP/1.1, 404, 209
192.168.10.6, , , 04/Jul/2020:14:33:12, +0530, GET, /, HTTP/1.1, 200, 62
192.168.1.105, , , 13/Jun/2020:16:50:48, +0530, GET, /favicon.ico, HTTP/1.1, 404, 209
192.168.1.105, , , 13/Jun/2020:16:50:48, +0530, GET, /, HTTP/1.1, 200, 51
192.168.1.105, , , 13/Jun/2020:16:50:48, +0530, GET, /, HTTP/1.1, 200, 51
192.168.1.105, , , 13/Jun/2020:16:49:54, +0530, GET, /favicon.ico, HTTP/1.1, 404, 209
192.168.1.105, , , 13/Jun/2020:16:49:54, +0530, GET, /, HTTP/1.1, 200, 51
192.168.1.105, , , 13/Jun/2020:16:49:53, +0530, GET, /, HTTP/1.1, 200, 51
192.168.0.106, , , 08/Jun/2020:14:18:29, +0530, GET, /index.html, HTTP/1.1, 200, 12
192.168.0.106, , , 08/Jun/2020:14:17:45, +0530, GET, /index.php, HTTP/1.1, 200, 48
192.168.0.106, , , 08/Jun/2020:14:17:44, +0530, GET, /index.php, HTTP/1.1, 200, 48
192.168.0.106, , , 08/Jun/2020:14:16:27, +0530, GET, /index.php, HTTP/1.1, 500, 
192.168.0.106, , , 08/Jun/2020:14:16:26, +0530, GET, /index.php, HTTP/1.1, 500, 
192.168.0.106, , , 08/Jun/2020:14:16:21, +0530, GET, /index.php, HTTP/1.1, 500, 
192.168.0.106, , , 08/Jun/2020:14:15:57, +0530, GET, /index.php, HTTP/1.1, 200, 24
192.168.0.106, , , 08/Jun/2020:14:15:30, +0530, GET, /index.php, HTTP/1.1, 200, 46
192.168.0.106, , , 08/Jun/2020:14:15:28, +0530, GET, /index.php, HTTP/1.1, 200, 46
192.168.0.106, , , 08/Jun/2020:14:15:16, +0530, GET, /index.php, HTTP/1.1, 304, 
192.168.0.106, , , 08/Jun/2020:14:15:16, +0530, GET, /index.php, HTTP/1.1, 304, 
192.168.0.106, , , 08/Jun/2020:14:15:13, +0530, GET, /index.php, HTTP/1.1, 200, 82
192.168.0.106, , , 08/Jun/2020:14:14:46, +0530, GET, /index.php, HTTP/1.1, 304, 
192.168.0.106, , , 08/Jun/2020:14:14:45, +0530, GET, /index.php, HTTP/1.1, 304, 
192.168.0.106, , , 08/Jun/2020:14:14:45, +0530, GET, /index.php, HTTP/1.1, 304, 
192.168.0.106, , , 08/Jun/2020:14:14:45, +0530, GET, /index.php, HTTP/1.1, 304, 
192.168.0.106, , , 08/Jun/2020:14:14:44, +0530, GET, /index.php, HTTP/1.1, 304, 
192.168.0.106, , , 08/Jun/2020:14:14:44, +0530, GET, /index.php, HTTP/1.1, 304, 
192.168.0.106, , , 08/Jun/2020:14:14:44, +0530, GET, /index.php, HTTP/1.1, 304, 
192.168.0.106, , , 08/Jun/2020:14:14:43, +0530, GET, /index.php, HTTP/1.1, 200, 62
192.168.0.106, , , 08/Jun/2020:14:14:15, +0530, GET, /index.php, HTTP/1.1, 304, 
192.168.0.106, , , 08/Jun/2020:14:13:33, +0530, GET, /favicon.ico, HTTP/1.1, 404, 209
192.168.0.106, , , 08/Jun/2020:14:13:32, +0530, GET, /index.php, HTTP/1.1, 200, 70
